Employee ID,First Name,Last Name,Date of Birth,Job Title,Salary,Years of Experience,Email,Phone Number,Address
4835,Scott,Chen,1976-08-15,"Producer, radio",45304.13,5,hinesdustin@kim.com,001-312-457-5906x83678,"931 Buck Street Suite 741
Anitaton, MI 58027"
3419,Marie,Ryan,1979-10-24,Aeronautical engineer,56506.8,19,lwilliams@buchanan.com,212-586-0450x2830,"985 Kimberly Village
North Jenniferburgh, VA 93838"
3834,Valerie,Woods,1984-04-01,Meteorologist,95416.8,21,moonvictor@hotmail.com,303-458-6593x786,"087 Stewart Turnpike
Carterstad, WA 82236"
4783,Scott,Williams,1974-09-21,"Programmer, multimedia",49531.02,26,unixon@gmail.com,979.570.7371,"3497 Wilson Lake Suite 416
East Hectorport, MO 51062"
2506,James,Herrera,1987-06-04,Politician's assistant,32262.97,3,nicholassmith@hotmail.com,187.062.0321x59908,"34433 Johnson Loop Suite 714
Megantown, OH 32234"
3908,Clayton,Carr,1987-09-15,"Lecturer, further education",79656.59,8,vzhang@gmail.com,078.047.5814,"1871 Castillo Ways Apt. 108
South Robertberg, MT 66540"
3875,Calvin,Scott,1997-07-26,Astronomer,60458.5,7,richardlambert@gmail.com,(553)629-3247,"23353 Becky Junctions
Lake Mary, MT 35519"
7478,Samantha,Davis,1986-06-30,Database administrator,116217.82,4,bensondavid@hotmail.com,001-530-727-4911x1197,"779 Bautista Hill Suite 023
Garciashire, MS 75779"
7467,Wayne,Stevens,1965-09-02,"Surveyor, minerals",71582.37,19,kristingomez@leonard-jones.com,001-698-467-7718,"22069 Aaron Roads
South Jennifer, KY 60870"
8516,Virginia,George,1975-12-14,"Engineer, communications",49616.75,13,elizabeth16@russell-ferrell.com,001-107-482-2891,"USS Moreno
FPO AA 39328"
4084,Amy,Wong,1991-05-18,Agricultural consultant,53277.23,5,npeterson@henderson.org,001-058-419-1551x410,"USNV Pugh
FPO AE 79586"
6727,Jamie,Fitzgerald,1969-05-24,Wellsite geologist,51974.72,3,swelch@ray.org,+1-630-823-4324x75876,"Unit 4354 Box 4777
DPO AP 59082"
2433,Ann,Williams,1978-11-09,"Engineer, structural",73180.94,11,chelseabennett@gmail.com,+1-855-616-6765x9654,"1753 Patrick Orchard Apt. 379
New Joshire, AZ 23295"
8328,James,Watson,1999-02-15,Magazine journalist,48854.61,2,joseph98@alexander-rice.info,001-662-033-7451,"36893 Benton Freeway Suite 612
North Denisefort, KS 83564"
4804,Jessica,Vasquez,1969-10-27,Mining engineer,39366.18,3,gcrane@gmail.com,501-156-9818x7963,"56231 Derek Mall Apt. 464
South Kimberly, TN 45804"
2655,Sarah,Jackson,1992-01-05,"Engineer, petroleum",76324.07,10,jessica99@bryant-porter.biz,560-712-4711,"71795 Brian Turnpike Apt. 078
Port Michael, WA 97196"
4010,Shawn,Brown,1965-10-27,"Engineer, chemical",103237.74,26,jasmine13@hotmail.com,001-320-579-5219x245,"980 Smith Ferry Apt. 157
South Susanville, CO 71469"
9540,Allison,Torres,1965-12-09,"Lighting technician, broadcasting/film/video",90173.26,13,alexis41@larson.com,027.954.5907,"90736 Jeanne Path
Port Laura, WV 05297"
3077,Dennis,Reid,1992-05-23,"Horticulturist, commercial",110369.11,3,lfields@craig.com,033-295-9151x042,"0114 Jennifer Court Suite 732
Matthewton, KY 36807"
5116,John,Smith,1985-08-23,Environmental consultant,31401.26,0,clivingston@hotmail.com,2806274340,"0272 Ward Harbors Apt. 152
South Nathanielbury, OK 03268"
2306,Garrett,Smith,1977-09-07,Orthoptist,60239.54,18,wflores@stevenson.com,(036)639-1181,"178 Tammy Parkway
Alexisberg, WA 90509"
6053,Jerry,Salazar,1987-06-16,Lawyer,93381.67,14,stephen79@dean.net,(991)421-2380x89051,"3722 Barbara Circle Apt. 890
Brownborough, ME 02590"
3269,Tyler,Franklin,1976-08-01,Technical brewer,85146.98,17,fmoore@cooper-gregory.net,(422)881-5685x591,"35958 Perry Corners Apt. 346
Stantonbury, TX 56337"
2690,Tracy,Chandler,1979-02-02,Interpreter,100575.28,4,brandi73@osborne.info,830.664.5325x332,"3715 Anna Springs
New James, CT 48059"
9149,Nancy,Burgess,2002-09-27,Toxicologist,91881.64,0,james09@jackson.com,905-430-8633x58318,"848 Gray Circles
Natalieborough, IN 02317"
9882,Dawn,Jones,1972-11-27,Equities trader,49700.52,18,kward@yahoo.com,(782)013-8476x7607,"61439 Bean Flat
Lake Toddhaven, AK 23869"
4036,Kelly,Bishop,1983-11-28,Planning and development surveyor,88064.39,14,jenniferhenderson@yahoo.com,+1-737-060-0312x9939,"332 Tyrone Pass Suite 692
Stephaniebury, MD 19567"
8024,Brittany,Russell,1981-02-28,Commercial art gallery manager,90114.7,7,ztorres@esparza-norton.info,320.035.9663x11099,"718 Parker Unions
North Jamesstad, IN 83429"
4619,Kelsey,Cisneros,1989-01-31,"Designer, jewellery",103460.36,9,boltondaniel@meyer-crosby.com,(081)022-1773x42381,"761 Tanya Bridge
Port Patrickside, HI 69055"
4055,Leslie,Carpenter,2001-09-27,"Accountant, chartered certified",101296.73,0,brandon62@yahoo.com,001-065-606-4200,"314 Luis Cove Apt. 305
New Dennisfurt, MS 69495"
8010,Linda,Martinez,1973-09-07,English as a second language teacher,53085.73,15,jeremygriffin@johnson-mullen.info,+1-903-938-5741x504,"276 Dixon Burg
North Anthony, IN 86471"
7892,Bradley,Rivera,1985-12-01,"Education officer, community",94237.05,5,carolharris@moody-alvarado.net,5781200139,"058 Howard Mall Suite 243
Brownville, VA 91174"
3069,Michael,Davis,1975-11-13,Sports administrator,35919.09,8,lpeterson@gmail.com,(921)732-4744x99014,"00131 Kristine Way Apt. 814
Port Lindsey, IL 91678"
5365,Bethany,Moody,1990-03-31,Clothing/textile technologist,34883.03,11,patriciarodriguez@hotmail.com,+1-763-799-2162x0127,"4887 Nicole Springs
Gardnermouth, KS 77857"
3977,Donald,Pitts,1974-05-01,IT trainer,79208.7,1,palmerkari@yahoo.com,957.205.1195x99306,"6280 Deborah Route
New Corybury, NY 08694"
1049,Kayla,Owens,1980-04-23,English as a second language teacher,77607.95,15,rogerhansen@garcia-smith.biz,(634)129-6542,"46761 Medina Fields
Josephhaven, MI 62069"
1435,Jack,Parker,1978-10-07,"Civil engineer, consulting",60597.85,14,crobinson@gonzalez-sanchez.com,167-102-8364x100,"531 Cunningham Spring Apt. 797
Perkinston, NC 33085"
9879,Deanna,Jones,1973-08-31,Advice worker,56442.52,12,soniarodgers@gmail.com,001-856-868-1717x6799,"095 Manning Canyon
South Jeffreyview, RI 67936"
2326,Tony,Clay,1980-11-16,Purchasing manager,64233.83,3,daniellevalencia@gmail.com,231-978-3831x7009,"2580 Winters Locks
Vargaston, TN 64941"
2826,Kathleen,Meyer,1985-09-19,Industrial/product designer,48357.52,14,scottevan@martin.com,109.910.6551,"9849 Cooper Key Apt. 087
Campbellland, GA 87610"
8566,Tiffany,Avila,1985-08-15,Higher education lecturer,104328.8,6,ashley93@hotmail.com,001-764-912-6944x409,"112 Emma Mountains Suite 143
Angelachester, VT 11178"
6580,Melissa,Jones,1996-02-16,Chartered loss adjuster,77659.09,7,pmitchell@thomas-peters.com,(905)657-7873x58816,"52187 Ford Coves Suite 642
West Janefurt, VA 04022"
2429,Robert,Ortega,1966-07-09,Advertising copywriter,80552.6,15,castillodawn@hotmail.com,+1-472-183-1265x35342,"5017 Joshua Skyway Suite 097
Tonyburgh, UT 96000"
6996,Gregory,Howard,1970-08-06,Solicitor,76662.17,11,petersrebecca@gmail.com,001-063-089-8393,"USNV Miller
FPO AP 49365"
7257,Nicholas,Warren,1989-08-23,Local government officer,52569.84,7,rshaffer@hill.biz,934-357-3736x8966,"87211 Troy Corner Suite 235
New Zachary, DE 55747"
3052,Scott,Bass,2002-07-02,Publishing copy,41457.37,0,kimberly19@gonzalez-williams.biz,001-356-840-2041x6029,"0210 Tammy Dale
North Lucasstad, CT 31429"
5870,Guy,Vazquez,1999-02-11,Industrial/product designer,117649.62,3,david99@yahoo.com,(949)954-2074,"824 Zimmerman Rapid
Isaiahburgh, SD 74430"
3808,Kim,Lewis,1976-10-08,Orthoptist,81237.87,5,yguerrero@yahoo.com,255.994.9429,"0396 Ferguson Knoll
Wendyland, NE 27942"
6006,Andrea,Bailey,1995-02-09,Clinical biochemist,50359.48,5,gonzalezscott@mueller.com,001-338-389-3359,"928 Megan Roads Suite 035
Greenechester, AR 47098"
8746,Kenneth,Sharp,1969-01-07,Futures trader,92997.41,12,jamiecarroll@gmail.com,(817)646-2815,"49180 Patterson Rest Apt. 609
Fordchester, MS 21461"
1990,Henry,Padilla,1988-04-17,"Nurse, children's",114989.41,9,wagnertimothy@russo.com,+1-101-942-2355x568,"35240 Amy Parkway Suite 117
Andersonville, OR 10850"
6288,Brian,Wade,1975-05-10,Jewellery designer,34944.1,19,lowerymichelle@miller.com,001-578-522-4605x1479,"40831 Crystal Port
North Dianehaven, NH 28206"
6513,Stephen,Valenzuela,1971-12-19,Print production planner,76089.47,27,april02@hotmail.com,001-954-419-0174x46004,"459 Joseph Fall
Port Ronaldhaven, VA 23837"
9516,Kevin,Giles,1988-03-16,Water quality scientist,118836.39,12,shawn22@hotmail.com,758.910.5553x207,"6864 Aaron Well
Travisland, MT 25327"
5012,Perry,Ortiz,1984-08-27,Publishing rights manager,97673.4,15,ronald87@smith-montes.biz,267.704.3529x5466,"7819 Burke Inlet
North Christine, AZ 45813"
9908,Kristina,Ray,1972-03-11,Petroleum engineer,83327.85,16,charlesvincent@pope-juarez.com,347.488.7591x86850,"7280 Jeffery Station Suite 234
North Daniellebury, KS 97526"
9846,Veronica,Sheppard,1987-06-21,"Librarian, academic",62505.01,4,amyers@wilcox.net,582-373-6697,"Unit 8222 Box 3436
DPO AA 70042"
1509,Krista,Mitchell,1964-03-17,Exercise physiologist,86852.74,5,jeffersonjohn@torres.biz,(810)552-6681x8655,"57925 Robinson Turnpike Apt. 757
West Stacey, OK 11270"
5030,Kathryn,Gardner,1995-01-11,"Conservation officer, nature",48103.76,7,teresabenjamin@gmail.com,716-351-8333,"9644 Stephenson Plain
New Jose, MD 26128"
8509,Lindsey,Bishop,1969-02-08,"Lecturer, further education",115330.87,27,garciamariah@gmail.com,001-296-786-8565,"940 Jones Radial Apt. 294
Kempton, WA 64594"
2864,Amy,Reynolds,1977-01-06,Editorial assistant,52870.67,5,elizabethlevine@gmail.com,+1-625-308-6169x0774,"781 Crystal Lakes
Dylanport, CO 18680"
6678,Margaret,Vance,1991-02-06,Charity officer,51243.12,7,david96@gmail.com,160-694-9345x352,"101 Ayers Fields
Matthewfurt, OH 47487"
8891,Lindsay,Ball,1976-01-16,"Designer, graphic",43518.43,16,latoyaperkins@bates.com,363.014.2582x1196,"Unit 7008 Box 0113
DPO AP 21061"
4840,Scott,Davis,1985-07-22,Midwife,70867.71,7,merrittcharles@gmail.com,671-664-4041x2156,"0983 Lee Dam
South Billyview, AL 78193"
5470,Tina,Williams,1976-09-15,Adult guidance worker,99615.27,5,barneskatie@yahoo.com,(532)143-6188x2955,"0295 Arnold Meadows Apt. 917
Finleyfurt, KY 22669"
1565,David,Hester,1989-04-10,"Surveyor, commercial/residential",45488.82,9,vlucas@reynolds.com,263-128-2785x56757,"PSC 4903, Box 1087
APO AP 03011"
7670,Catherine,Price,1974-06-16,Mudlogger,66773.25,19,sean35@lee.com,001-877-068-6540x2684,"45552 White Fords
North Coleshire, LA 80102"
8316,Kristopher,Diaz,1984-09-12,"Surveyor, minerals",41122.93,8,xhernandez@jimenez.biz,050-271-9083x2638,"7131 Jennifer Lock
Lake Victorville, NH 89860"
7901,Dawn,Francis,1986-12-06,Maintenance engineer,74187.11,5,michaelcollins@williams.net,+1-977-723-3333,"3465 Meyer Stravenue
Owensburgh, SD 22758"
4510,Peter,Knight,1979-03-29,"Engineer, control and instrumentation",69419.9,20,lhanna@johnson.info,208.289.8265,"354 Amanda Hills
West Alicia, OH 69607"
6989,Danielle,Carlson,1995-12-25,Retail buyer,48922.28,9,jimenezstephen@rogers.net,001-352-184-0214x642,"99407 Jeffrey Extensions
West Kelly, MA 58606"
5243,Erica,Martinez,1972-11-13,Paramedic,41697.12,11,blanchardjonathan@garcia.com,5180762466,"2794 Darryl Hills Suite 412
Kaylamouth, HI 63853"
3899,Christine,Jones,1970-10-21,Chief Operating Officer,88182.14,9,wbrewer@chavez.org,(507)986-2727,"0131 Todd Parkway
Lake Craig, MS 95820"
6545,Wanda,Copeland,1964-02-29,"Geologist, wellsite",70855.09,24,ylam@martinez.net,611-154-2723x334,"09747 Brian Route
West Sarahmouth, SC 24587"
5577,Edward,Gibson,1965-08-25,Banker,73975.07,3,angela17@lewis.com,810-810-3905,"091 Shannon Canyon Suite 500
Valdezchester, IA 27109"
3438,Brianna,Hall,1991-08-01,Hospital pharmacist,76141.05,10,jenniferharris@hotmail.com,5330311984,"755 Ramos Mountain Apt. 768
South Markville, NE 76572"
5234,Wanda,Fuller,1972-12-22,English as a foreign language teacher,88883.1,26,jonathan27@cross.com,(980)763-9382x0739,"88465 Theresa Square
Nataliemouth, PA 49791"
3355,Sarah,Singh,1985-03-22,Mining engineer,115064.88,15,asullivan@hamilton-massey.biz,406-481-9964x753,"331 Lewis Parkways Suite 448
Matthewstad, CO 15227"
4366,Joshua,Ballard,1976-01-11,Community education officer,60449.29,3,kelly75@gallagher.org,(565)635-0271x83171,"58628 Kristina Valleys Apt. 773
North Mckenzie, WV 68278"
6023,Erica,Ferguson,2002-10-03,"Pharmacist, hospital",41313.68,0,brandy10@gmail.com,847.455.7726x098,"99162 Lindsay Cape
South Dana, ND 58583"
2942,David,Taylor,1971-04-21,Tourist information centre manager,62541.44,4,david36@hopkins-young.net,584.244.4426x68826,"0055 Jason Light Apt. 770
Lake Thomas, LA 54490"
4303,Edward,Wallace,1999-05-27,Art therapist,73156.1,5,matthewskevin@hotmail.com,+1-168-967-8797,"8114 Natalie Streets Suite 310
Pattersonland, NY 33903"
1800,George,Wilson,1973-01-14,"Therapist, sports",39131.38,11,alejandrosantos@yahoo.com,+1-988-846-2057x746,"016 Chelsea Orchard Suite 133
Morganbury, DC 38174"
5588,Gregory,Burgess,1977-08-12,Lexicographer,59797.56,12,michelle70@snow.com,014.248.4508x572,"USS Reynolds
FPO AE 66117"
7246,Robin,Diaz,1970-02-22,Physiotherapist,110566.01,0,brandon53@yahoo.com,+1-681-870-6398,"67300 King Burgs Apt. 354
Rodriguezberg, IN 94033"
4066,Daniel,Phillips,1968-07-16,Hydrologist,90902.93,18,vfoster@yahoo.com,001-170-207-6386x9417,"PSC 2569, Box 1105
APO AP 10919"
2977,Mark,Lane,1997-02-26,"Engineer, building services",40466.99,2,shughes@thornton-thomas.org,(757)048-9669x2456,"16240 Holmes Extension
South Kaitlyn, AK 88085"
8953,Walter,Oconnor,1967-10-09,"Sound technician, broadcasting/film/video",62342.27,32,xramirez@newman.info,001-453-776-3879,"63693 Randall Walk
Port Charles, OK 34120"
5092,Loretta,Shaw,1964-07-21,"Pharmacist, hospital",93587.01,36,lauraharris@hotmail.com,(321)178-7646x635,"58110 Diana Well
West Ruthstad, MI 32933"
3639,Howard,Miller,1979-12-07,Estate agent,54877.02,10,davidlewis@lowery-sparks.net,+1-514-247-9445,"0446 Gallagher Square
Port Sabrina, WA 32122"
9958,Kimberly,Smith,1998-06-01,Product/process development scientist,50520.67,3,fernando47@crosby.org,299.666.0557x167,"507 Baker Lodge
Crystalshire, KS 75230"
9095,Holly,Griffin,1968-03-07,Forensic scientist,115989.03,1,angelanorton@macdonald.biz,537-311-6727,"469 Crystal Mission Apt. 505
Ashleystad, MO 42849"
2561,Amanda,Miller,1965-02-03,"Scientist, research (maths)",78739.16,31,vcharles@gmail.com,+1-527-082-2873x0056,"7789 Strickland Forges
North Johnbury, CO 96490"
3042,Denise,Chen,1964-06-21,"Therapist, sports",61257.29,1,katiejohnson@patel-benjamin.com,409.756.1993,"995 Ochoa Locks
Lake Donna, IA 13113"
9319,Christopher,Griffith,1989-09-02,"Therapist, sports",57125.75,11,georgemullen@mcdaniel.com,001-214-002-2841x53479,"740 Peggy Extensions
West Sherimouth, AK 99890"
8469,Rachel,Wilson,1975-07-01,Hospital doctor,73197.17,13,amy02@gmail.com,(371)802-3041,"968 Rachel Causeway Apt. 036
Kevinburgh, KS 74650"
2529,Steven,Potts,1972-02-17,"Doctor, general practice",75927.87,17,karen19@davila.com,(757)939-6198x7579,"3651 Christopher Dam
Port Pamela, SD 83163"
9482,Jesse,Scott,1977-06-27,Medical illustrator,75366.12,18,jessica04@jenkins.org,001-413-866-0268x8806,"633 Brandon Junction
Mariafurt, SC 21365"
2890,Deborah,Palmer,1980-07-24,"Education officer, community",84867.96,16,dennisperez@gmail.com,(498)649-8119x97248,"490 Johnston Burgs Apt. 564
South Josemouth, AZ 17999"
3656,Kelly,Reynolds,1983-09-14,Diagnostic radiographer,119885.4,9,vtorres@gilmore.com,516.736.5260x18229,"06359 Turner Hill
North Jessicaview, LA 71428"
